
-- USERS

INSERT INTO public.users (user_id, user_account_id, nickname, firstname, surname, email, avatar) VALUES (27, 'd772db09-2b0a-4783-9e4d-ceadc3e9538a', 'kamil.dywan', 'kamil', 'dywan', 'kamil@wp.pl', '\xffd8ffe000104a46494600010100000100010000ffdb008400030202080e05080c0b0808080a090806070a060b08070707060806070808080808080809120509081108080808160805080809150a070f0b0e0a140d12080914010304040605060906060914090c0c0e0b0d140f0c130d100b0e0a14140808090c0e080808090b0a09140e10080d0a080b080a0a0d080a0a0d0908080a140f0b14ffc0001108006c006c03011100021101031101ffc4001a000100030101010000000000000000000000060708090504ffc4003110000202010203050606030000000000000102000304051108122106071322310914364174b21535425261b4323391ffc4001b01010101000301010000000000000000000006050304070802ffc40039110002010104050808060300000000000000010203040511510621314161121334628182b1c214223342527172912324a1d1d2f015a2c1ffda000c03010002110311003f00cc53e833e7c1004010040100401004010040100401004010040100401004010040100401004010040100401004010040100401004010040100401004010040100401004010040100401004010040100d0dc0af60b0f2bb5be0e563d79357b965d9e0b82539d1aa0adb03ea398ffd9377fda2a50b2f2e94b92f94962b2d6525c167a75ed5c8ab1e52e4b783cf5128f683f763a7e26ada7a6262d58a96625aee958203b2dc5431dcfaedd2757472d556d14aa3ad2726a4b6fc8ed691d96959ead35462a29c5ecf99946571226dfe08b83aa6fc7f7fd468f1287565c5c17e655bd4f46cab06e18d7ea103743fecf4f0cc84bf6fa95297a3d9e58496d6b775571cfed9977715cb1ab1f48b44714f627bfacf865f7c8a738bbed468a756f76d2f071b1e9c5674b73ab53cd9b70f2b2a1dc8f017aaeffa9f761e5084ed5cd4ad2a973b6a9b9396c4f72fe5e0b898b7cd5b33abcd5960a2a3b5adeff8f8be05072849e10040100401004010040352fb383e373f419bf7d324f49ba1f7a3e62b3467a67765e5261ed43fcef4cfa2bbfb0674b453d8d5fa9781ddd2bf6d4be97e257bc1970b8fa86a22fbd48d3f15c1b37047bf5abb30c643fb7d19d87e9f20eac18695f77aab1d3e6e9bfc497faaf8be792cf599b725d4ed9539ca8bf0e3b7acfe1f966f2d4686e3ab8a35c6c53a660d812f7ad5326daf61ee18e546d8f5f2f44b5936df97aad47a6c4a9137705d4eb4bd2abac629ea4fde967c578c8a4bfef55463e8b41e126b5b5eec72593f089ce69e9679a080200802008020080200806a5f6707c6e7e8337efa649e93743ef47cc5668cf4ceecbca6c1e26b8415d5750c4b5b50388b8f5352d50c517b5cad6f3922c37a843b797ad760dfaff1232ebbe5d829ce0a9f2f94f1c71c30ddb392f1fba2cef4b995bea426ea72392b0c30c71dfb794b0fb33d0efb3b43f837618fe1f845850a98d57280d5e1f8bb839993b9e77f3f98b6cc4db60e6d81661c761a7fe4ad9f989edd6f37d55970ca2b51c96ea9fe36c7f9786cd4b25d679ffd93d7a8e496a7a95965f65963b59658ef6bdac799ec7b18b3bb13d4b1624ee7e667b0462a09462b04b5766c478fca4e6dca4f16f5f6ed67cd3f67e04010040100401004010040352fb383e373f419bf7d324f49ba1f7a3e62b3467a67765e52c7f69476bf2ead674d14e5646386c3b4b2d57db48722f201615b004edd376999a31469d4a55397152f596d49eee28d3d27ad529d5a6a1271f55ec6d6fe0cb5f837e24aad4b497c1cef0eccbaa96add1c02baa6215e436153d1ac00f23a8df7dc3fcd80c8beaec958aaaaf47545bc757bb2db86397c3f635ae5bce36da4e856d724b0d7ef47663867f12ed31c7175c333e9baaef5877c0c9676c7b8eede030ead8b6bfef51d4173bb20dfa9164b5b9ef456ea584b54e3b567d64b2cf27d845df175bb0d5c63ae12d8f2eab79e59aed2839424f080200802008020080200806a5f6707c6e7e8337efa649e93743ef47cc5668cf4ceecbca4c3da87f9de99f4577f60ce968a7b1abf52f03bba57eda97d2fc4c81d92ed5e463e7d191458d55d458b6d7683d5597e47e4548dd4ab742ac548d8912ceb5185684a9cd629ac3fbc727991946b4e8ce3529bc1a78ff7866b23ab7ddcf6e74dd7fb23657722866514e5626e3c4c2c90374ba927af2ee3c44b3afa143d458b3c8ed342b5d16a5283e29ee71de9f84976a3d72cd5e8def65719ae0d6f52dcd78c5f63de7333beeee672f4ed62dc6bc6fb79e9c9008af2e862792d4dfd3d36284921c15dfd0cf51b05b69db292ab0ed5bd3debf67bd1e5d6eb154b1d574a7d8f735b9feeb73203344ce1004010040100401004027ddc9f7d195a76abef58d5e3d967836d1c972daf5725a54b1daab52ce6f20ebcfb7f133add61a76da5cd546d2c53f570c71d79a7e068d86dd52c5579da6937835eb63861ab26bc4f4bbf9e21b3753caa2dcaab16a6a2a6a50509756acaefce4b0b6e762dbfed2a36f94e3bbeeda5618ca349b78bc7d6c3e5ba31392f0bcaadba519554960b0f571f9ef948abe6a9944efb9aefab3b4ed4c6462ba7372b56f45819f1f251bf45a8acae406d9c147560c3a1db981cfb6d8695b29f375571c56d4f8369f86c342c56eab63a9ce527c307b1ae2935e3b49a77e5c5ae76a7875d59585a629a9fc4ab2a9a72ebc9a49e8eaaef94d5f2300014b1187941ff0020ac3a360b9e95866e74a72d7a9a6e383cb5282d793c7f43bd6fbe2adba0a15611d5ad34a58acf5b9bd59ac3f52909bc608802008020080200802008020080200802008020080200802008020080200802008020080200802008020080200802008020080200802008020080200802008020080200802008020080201fffd9');
INSERT INTO public.users (user_id, user_account_id, nickname, firstname, surname, email, avatar, is_reviewer) VALUES (28, '28ed231b-cce6-4393-8111-81fb1b74ad7c', 'administrator', 'administrator', 'administrator', 'administrator@wp.pl', '\x', false);
INSERT INTO public.users (user_id, user_account_id, nickname, firstname, surname, email, avatar, is_reviewer) VALUES (29, 'd2c23384-0b58-4cd7-9a38-a82a5695e09f', 'kamil1', 'kamil1', 'kamil1', 'kamil1@wp.pl', '\x89504e470d0a1a0a0000000d49484452000000190000001908020000004b8b1234000000017352474200aece1ce90000000467414d410000b18f0bfc6105000000097048597300000ec300000ec301c76fa8640000025e49444154484bad94dd6fd26014c6fb454b811612978877cc6c7ab1e1066c6a9c33f1631a138dffa05916ff80c5afc4688cdee80077a36603e7d425aec496824b3fd860a3e053280bd3d60aeeb928ed7b4e7fbccf39e72dd96eb78963d21face1d024695f5c5883e2001a888534dd306459e638ee543c8eab13800665d56abb6fb3d9f71f3eb22c3b752e797e26130e879d588f45751f7da5aaeae697af213e140804d60ac51f8ae204faf44f2ccbb2b62589a6a82bf373972e5ee05876e7e78e13eb933f0b45d8964ac54f1ba228c4e3270dd36cb55ac160d009f7c98705505955dfac64eb8d06ca146098f5427125975f7ef8f8fee2522effce346b4e2a4130ceef5169ba5e2814bf4b52cb6ac94af9e0607ffef2dcf8d858bdde383d9a304d13aeb1ae1b264dd3e9748a666c8e7b1fd7d60b8b4b0f72ababb1682c353d75fbd6423a351de279b86b369b002111ac67cf5f8c8c9cb877f70ed7b1ecee51d334a9549265c5b29ab399f4ec4c0620ac53148599e0791ef5c2264892e2833c16bb6ff9d40b79348306baa4759a60454581e918847c585e82595dd371238a22d91954c89385a20639eef03f7f134a56a95671138bc5ba2b90276b3491b8b9701dbd739e8f0a47ca300c2112898aa2b3e4c54275598e6d34f615a5fcf2d5eb474f9ea2b3baaec31aa2dda1d30c034d8c447aa7d26b26d44a259bcb6f7cde8417141e4e511464a289a22020032dc6d9be71edead933e3243af3f7ef042818256cc42e4da58a83fd6d6b6b776f2f14c270900c43272727931313188f81bf39d0211d6f323446dddeac1d1882e5a91e6bc8f97295dbbe8690bbc7ffd0f17924885fe3494a20792f84390000000049454e44ae426082', false);
INSERT INTO public.users (user_id, user_account_id, nickname, firstname, surname, email, avatar, is_reviewer) VALUES (31, 'c7108c23-fa78-4e7b-93f3-a3969a6c3b14', 'adminreviewer', 'adminreviewer', 'adminreviewer', 'kamil@wp.pl', '\x', true);
INSERT INTO public.users (user_id, user_account_id, nickname, firstname, surname, email, avatar) VALUES (32, '4dd42c05-5575-45c8-8fd3-fdcff4bc9895', 'adam_nowak1', 'adam1', 'nowak1', 'adam@mail.com', '\x89504e470d0a1a0a0000000d49484452000000190000001908020000004b8b1234000000017352474200aece1ce90000000467414d410000b18f0bfc6105000000097048597300000ec300000ec301c76fa8640000025e49444154484bad94dd6fd26014c6fb454b811612978877cc6c7ab1e1066c6a9c33f1631a138dffa05916ff80c5afc4688cdee80077a36603e7d425aec496824b3fd860a3e053280bd3d60aeeb928ed7b4e7fbccf39e72dd96eb78963d21face1d024695f5c5883e2001a888534dd306459e638ee543c8eab13800665d56abb6fb3d9f71f3eb22c3b752e797e26130e879d588f45751f7da5aaeae697af213e140804d60ac51f8ae204faf44f2ccbb2b62589a6a82bf373972e5ee05876e7e78e13eb933f0b45d8964ac54f1ba228c4e3270dd36cb55ac160d009f7c98705505955dfac64eb8d06ca146098f5427125975f7ef8f8fee2522effce346b4e2a4130ceef5169ba5e2814bf4b52cb6ac94af9e0607ffef2dcf8d858bdde383d9a304d13aeb1ae1b264dd3e9748a666c8e7b1fd7d60b8b4b0f72ababb1682c353d75fbd6423a351de279b86b369b002111ac67cf5f8c8c9cb877f70ed7b1ecee51d334a9549265c5b29ab399f4ec4c0620ac53148599e0791ef5c2264892e2833c16bb6ff9d40b79348306baa4759a60454581e918847c585e82595dd371238a22d91954c89385a20639eef03f7f134a56a95671138bc5ba2b90276b3491b8b9701dbd739e8f0a47ca300c2112898aa2b3e4c54275598e6d34f615a5fcf2d5eb474f9ea2b3baaec31aa2dda1d30c034d8c447aa7d26b26d44a259bcb6f7cde8417141e4e511464a289a22020032dc6d9be71edead933e3243af3f7ef042818256cc42e4da58a83fd6d6b6b776f2f14c270900c43272727931313188f81bf39d0211d6f323446dddeac1d1882e5a91e6bc8f97295dbbe8690bbc7ffd0f17924885fe3494a20792f84390000000049454e44ae426082');
INSERT INTO public.users (user_id, user_account_id, nickname, firstname, surname, email, avatar) VALUES (33, '803d662b-1b36-494c-a756-1b5865305f30', 'adam.nowak', 'adamm', 'nowakk1', 'adam@mail.com', '\x');
INSERT INTO public.users (user_id, user_account_id, nickname, firstname, surname, email, avatar, is_reviewer) VALUES (30, '626bf9f2-4dce-47a0-a1c2-a0a776669c74', 'reviewer', 'reviewer', 'reviewer1', 'kamil@wp.pl', '\xffd8ffe000104a46494600010100000100010000ffdb008400030202080e05080c0b0808080a090806070a060b08070707060806070808080808080809120509081108080808160805080809150a070f0b0e0a140d12080914010304040605060906060914090c0c0e0b0d140f0c130d100b0e0a14140808090c0e080808090b0a09140e10080d0a080b080a0a0d080a0a0d0908080a140f0b14ffc0001108006c006c03011100021101031101ffc4001a000100030101010000000000000000000000060708090504ffc4003110000202010203050606030000000000000102000304051108122106071322310914364174b21535425261b4323391ffc4001b01010101000301010000000000000000000006050304070802ffc40039110002010104050808060300000000000000010203040511510621314161121334628182b1c214223342527172912324a1d1d2f015a2c1ffda000c03010002110311003f00cc53e833e7c1004010040100401004010040100401004010040100401004010040100401004010040100401004010040100401004010040100401004010040100401004010040100401004010040100d0dc0af60b0f2bb5be0e563d79357b965d9e0b82539d1aa0adb03ea398ffd9377fda2a50b2f2e94b92f94962b2d6525c167a75ed5c8ab1e52e4b783cf5128f683f763a7e26ada7a6262d58a96625aee958203b2dc5431dcfaedd2757472d556d14aa3ad2726a4b6fc8ed691d96959ead35462a29c5ecf99946571226dfe08b83aa6fc7f7fd468f1287565c5c17e655bd4f46cab06e18d7ea103743fecf4f0cc84bf6fa95297a3d9e58496d6b775571cfed9977715cb1ab1f48b44714f627bfacf865f7c8a738bbed468a756f76d2f071b1e9c5674b73ab53cd9b70f2b2a1dc8f017aaeffa9f761e5084ed5cd4ad2a973b6a9b9396c4f72fe5e0b898b7cd5b33abcd5960a2a3b5adeff8f8be05072849e10040100401004010040352fb383e373f419bf7d324f49ba1f7a3e62b3467a67765e5261ed43fcef4cfa2bbfb0674b453d8d5fa9781ddd2bf6d4be97e257bc1970b8fa86a22fbd48d3f15c1b37047bf5abb30c643fb7d19d87e9f20eac18695f77aab1d3e6e9bfc497faaf8be792cf599b725d4ed9539ca8bf0e3b7acfe1f966f2d4686e3ab8a35c6c53a660d812f7ad5326daf61ee18e546d8f5f2f44b5936df97aad47a6c4a9137705d4eb4bd2abac629ea4fde967c578c8a4bfef55463e8b41e126b5b5eec72593f089ce69e9679a080200802008020080200806a5f6707c6e7e8337efa649e93743ef47cc5668cf4ceecbca6c1e26b8415d5750c4b5b50388b8f5352d50c517b5cad6f3922c37a843b797ad760dfaff1232ebbe5d829ce0a9f2f94f1c71c30ddb392f1fba2cef4b995bea426ea72392b0c30c71dfb794b0fb33d0efb3b43f837618fe1f845850a98d57280d5e1f8bb839993b9e77f3f98b6cc4db60e6d81661c761a7fe4ad9f989edd6f37d55970ca2b51c96ea9fe36c7f9786cd4b25d679ffd93d7a8e496a7a95965f65963b59658ef6bdac799ec7b18b3bb13d4b1624ee7e667b0462a09462b04b5766c478fca4e6dca4f16f5f6ed67cd3f67e04010040100401004010040352fb383e373f419bf7d324f49ba1f7a3e62b3467a67765e52c7f69476bf2ead674d14e5646386c3b4b2d57db48722f201615b004edd376999a31469d4a55397152f596d49eee28d3d27ad529d5a6a1271f55ec6d6fe0cb5f837e24aad4b497c1cef0eccbaa96add1c02baa6215e436153d1ac00f23a8df7dc3fcd80c8beaec958aaaaf47545bc757bb2db86397c3f635ae5bce36da4e856d724b0d7ef47663867f12ed31c7175c333e9baaef5877c0c9676c7b8eede030ead8b6bfef51d4173bb20dfa9164b5b9ef456ea584b54e3b567d64b2cf27d845df175bb0d5c63ae12d8f2eab79e59aed2839424f080200802008020080200806a5f6707c6e7e8337efa649e93743ef47cc5668cf4ceecbca4c3da87f9de99f4577f60ce968a7b1abf52f03bba57eda97d2fc4c81d92ed5e463e7d191458d55d458b6d7683d5597e47e4548dd4ab742ac548d8912ceb5185684a9cd629ac3fbc727991946b4e8ce3529bc1a78ff7866b23ab7ddcf6e74dd7fb23657722866514e5626e3c4c2c90374ba927af2ee3c44b3afa143d458b3c8ed342b5d16a5283e29ee71de9f84976a3d72cd5e8def65719ae0d6f52dcd78c5f63de7333beeee672f4ed62dc6bc6fb79e9c9008af2e862792d4dfd3d36284921c15dfd0cf51b05b69db292ab0ed5bd3debf67bd1e5d6eb154b1d574a7d8f735b9feeb73203344ce1004010040100401004027ddc9f7d195a76abef58d5e3d967836d1c972daf5725a54b1daab52ce6f20ebcfb7f133add61a76da5cd546d2c53f570c71d79a7e068d86dd52c5579da6937835eb63861ab26bc4f4bbf9e21b3753caa2dcaab16a6a2a6a50509756acaefce4b0b6e762dbfed2a36f94e3bbeeda5618ca349b78bc7d6c3e5ba31392f0bcaadba519554960b0f571f9ef948abe6a9944efb9aefab3b4ed4c6462ba7372b56f45819f1f251bf45a8acae406d9c147560c3a1db981cfb6d8695b29f375571c56d4f8369f86c342c56eab63a9ce527c307b1ae2935e3b49a77e5c5ae76a7875d59585a629a9fc4ab2a9a72ebc9a49e8eaaef94d5f2300014b1187941ff0020ac3a360b9e95866e74a72d7a9a6e383cb5282d793c7f43bd6fbe2adba0a15611d5ad34a58acf5b9bd59ac3f52909bc608802008020080200802008020080200802008020080200802008020080200802008020080200802008020080200802008020080200802008020080200802008020080200802008020080201fffd9', true);

-----------------------------------------

-- TECHNOLOGY CATEGORIES

INSERT INTO public.technology_categories (technology_category_id, parent_technology_category_id, name) VALUES (1, NULL, 'Technologie informatyczne');
INSERT INTO public.technology_categories (technology_category_id, parent_technology_category_id, name) VALUES (2, NULL, 'Środowiska uruchomieniowe');
INSERT INTO public.technology_categories (technology_category_id, parent_technology_category_id, name) VALUES (3, NULL, 'Narzędzia');
INSERT INTO public.technology_categories (technology_category_id, parent_technology_category_id, name) VALUES (4, NULL, 'Inne');
INSERT INTO public.technology_categories (technology_category_id, parent_technology_category_id, name) VALUES (5, 1, 'Język programowania');
INSERT INTO public.technology_categories (technology_category_id, parent_technology_category_id, name) VALUES (6, 1, 'Język znaczników');
INSERT INTO public.technology_categories (technology_category_id, parent_technology_category_id, name) VALUES (7, 1, 'Język bazy danych');
INSERT INTO public.technology_categories (technology_category_id, parent_technology_category_id, name) VALUES (8, 5, 'Biblioteka');
INSERT INTO public.technology_categories (technology_category_id, parent_technology_category_id, name) VALUES (9, 5, 'Framework');
INSERT INTO public.technology_categories (technology_category_id, parent_technology_category_id, name) VALUES (10, 7, 'Relacyjna');
INSERT INTO public.technology_categories (technology_category_id, parent_technology_category_id, name) VALUES (11, 7, 'Obiektowo-relacyjna');
INSERT INTO public.technology_categories (technology_category_id, parent_technology_category_id, name) VALUES (12, 7, 'NoSQL');
INSERT INTO public.technology_categories (technology_category_id, parent_technology_category_id, name) VALUES (13, 2, 'System operacyjny');
INSERT INTO public.technology_categories (technology_category_id, parent_technology_category_id, name) VALUES (14, 2, 'Wysokopoziomowe');
INSERT INTO public.technology_categories (technology_category_id, parent_technology_category_id, name) VALUES (15, 2, 'Niskopoziomowe');
INSERT INTO public.technology_categories (technology_category_id, parent_technology_category_id, name) VALUES (16, 3, 'Środowisko programistyczne');
INSERT INTO public.technology_categories (technology_category_id, parent_technology_category_id, name) VALUES (17, 3, 'System kontroli wersji');
INSERT INTO public.technology_categories (technology_category_id, parent_technology_category_id, name) VALUES (18, 3, 'CI/CD');
INSERT INTO public.technology_categories (technology_category_id, parent_technology_category_id, name) VALUES (19, 3, 'Konteneryzacja');
INSERT INTO public.technology_categories (technology_category_id, parent_technology_category_id, name) VALUES (20, 3, 'Orkiestracja');
INSERT INTO public.technology_categories (technology_category_id, parent_technology_category_id, name) VALUES (21, 17, 'Serwisy hostujące gita');

-----------------------------------------

-- TECHNOLOGIES

INSERT INTO public.technologies (technology_id, technology_category_id, name, description, creation_date_time, modification_date_time, provider, icon, first_release_date_time, last_release_date_time) VALUES (1, 5, 'Java', 'Współbieżny, oparty na klasach, obiektowy język programowania, który jest uruchamiany na maszynie wirtualnej.', '2016-06-22 19:10:25', '2016-06-22 19:10:25', NULL, NULL, NULL, NULL);
INSERT INTO public.technologies (technology_id, technology_category_id, name, description, creation_date_time, modification_date_time, provider, icon, first_release_date_time, last_release_date_time) VALUES (4, 5, 'JavaScript', 'Skryptowy oraz wieloparadygmatowy język programowania, którego najczęstsze zastosowania to strony internetowe.', '2016-06-22 19:10:25', '2016-06-22 19:10:25', NULL, NULL, NULL, NULL);
INSERT INTO public.technologies (technology_id, technology_category_id, name, description, creation_date_time, modification_date_time, provider, icon, first_release_date_time, last_release_date_time) VALUES (5, 5, 'C#', '.', '2016-06-22 19:10:25', '2016-06-22 19:10:25', NULL, NULL, NULL, NULL);
INSERT INTO public.technologies (technology_id, technology_category_id, name, description, creation_date_time, modification_date_time, provider, icon, first_release_date_time, last_release_date_time) VALUES (6, 5, 'C++', '.', '2016-06-22 19:10:25', '2016-06-22 19:10:25', NULL, NULL, NULL, NULL);
INSERT INTO public.technologies (technology_id, technology_category_id, name, description, creation_date_time, modification_date_time, provider, icon, first_release_date_time, last_release_date_time) VALUES (7, 5, 'Python', '.', '2016-06-22 19:10:25', '2016-06-22 19:10:25', NULL, NULL, NULL, NULL);
INSERT INTO public.technologies (technology_id, technology_category_id, name, description, creation_date_time, modification_date_time, provider, icon, first_release_date_time, last_release_date_time) VALUES (8, 5, 'Rust', '.', '2016-06-22 19:10:25', '2016-06-22 19:10:25', NULL, NULL, NULL, NULL);
INSERT INTO public.technologies (technology_id, technology_category_id, name, description, creation_date_time, modification_date_time, provider, icon, first_release_date_time, last_release_date_time) VALUES (9, 6, 'TeX', '.', '2016-06-22 19:10:25', '2016-06-22 19:10:25', NULL, NULL, NULL, NULL);
INSERT INTO public.technologies (technology_id, technology_category_id, name, description, creation_date_time, modification_date_time, provider, icon, first_release_date_time, last_release_date_time) VALUES (10, 6, 'HTML', '.', '2016-06-22 19:10:25', '2016-06-22 19:10:25', NULL, NULL, NULL, NULL);
INSERT INTO public.technologies (technology_id, technology_category_id, name, description, creation_date_time, modification_date_time, provider, icon, first_release_date_time, last_release_date_time) VALUES (11, 6, 'XML', '.', '2016-06-22 19:10:25', '2016-06-22 19:10:25', NULL, NULL, NULL, NULL);
INSERT INTO public.technologies (technology_id, technology_category_id, name, description, creation_date_time, modification_date_time, provider, icon, first_release_date_time, last_release_date_time) VALUES (12, 7, 'SQL', '.', '2016-06-22 19:10:25', '2016-06-22 19:10:25', NULL, NULL, NULL, NULL);
INSERT INTO public.technologies (technology_id, technology_category_id, name, description, creation_date_time, modification_date_time, provider, icon, first_release_date_time, last_release_date_time) VALUES (13, 7, 'GraphQL', '.', '2016-06-22 19:10:25', '2016-06-22 19:10:25', NULL, NULL, NULL, NULL);
INSERT INTO public.technologies (technology_id, technology_category_id, name, description, creation_date_time, modification_date_time, provider, icon, first_release_date_time, last_release_date_time) VALUES (14, 8, 'SFML', '.', '2016-06-22 19:10:25', '2016-06-22 19:10:25', NULL, NULL, NULL, NULL);
INSERT INTO public.technologies (technology_id, technology_category_id, name, description, creation_date_time, modification_date_time, provider, icon, first_release_date_time, last_release_date_time) VALUES (15, 8, 'SDL', '.', '2016-06-22 19:10:25', '2016-06-22 19:10:25', NULL, NULL, NULL, NULL);
INSERT INTO public.technologies (technology_id, technology_category_id, name, description, creation_date_time, modification_date_time, provider, icon, first_release_date_time, last_release_date_time) VALUES (16, 8, 'OpenGL', '.', '2016-06-22 19:10:25', '2016-06-22 19:10:25', NULL, NULL, NULL, NULL);
INSERT INTO public.technologies (technology_id, technology_category_id, name, description, creation_date_time, modification_date_time, provider, icon, first_release_date_time, last_release_date_time) VALUES (17, 8, 'ReactJS', '.', '2016-06-22 19:10:25', '2016-06-22 19:10:25', NULL, NULL, NULL, NULL);
INSERT INTO public.technologies (technology_id, technology_category_id, name, description, creation_date_time, modification_date_time, provider, icon, first_release_date_time, last_release_date_time) VALUES (18, 9, 'Spring', '.', '2016-06-22 19:10:25', '2016-06-22 19:10:25', NULL, NULL, NULL, NULL);
INSERT INTO public.technologies (technology_id, technology_category_id, name, description, creation_date_time, modification_date_time, provider, icon, first_release_date_time, last_release_date_time) VALUES (19, 9, 'Spring Boot', '.', '2016-06-22 19:10:25', '2016-06-22 19:10:25', NULL, NULL, NULL, NULL);
INSERT INTO public.technologies (technology_id, technology_category_id, name, description, creation_date_time, modification_date_time, provider, icon, first_release_date_time, last_release_date_time) VALUES (20, 9, 'Angular', '.', '2016-06-22 19:10:25', '2016-06-22 19:10:25', NULL, NULL, NULL, NULL);
INSERT INTO public.technologies (technology_id, technology_category_id, name, description, creation_date_time, modification_date_time, provider, icon, first_release_date_time, last_release_date_time) VALUES (21, 10, 'MySQL', '.', '2016-06-22 19:10:25', '2016-06-22 19:10:25', NULL, NULL, NULL, NULL);
INSERT INTO public.technologies (technology_id, technology_category_id, name, description, creation_date_time, modification_date_time, provider, icon, first_release_date_time, last_release_date_time) VALUES (22, 10, 'Oracle Database', '.', '2016-06-22 19:10:25', '2016-06-22 19:10:25', NULL, NULL, NULL, NULL);
INSERT INTO public.technologies (technology_id, technology_category_id, name, description, creation_date_time, modification_date_time, provider, icon, first_release_date_time, last_release_date_time) VALUES (23, 10, 'SQLite', '.', '2016-06-22 19:10:25', '2016-06-22 19:10:25', NULL, NULL, NULL, NULL);
INSERT INTO public.technologies (technology_id, technology_category_id, name, description, creation_date_time, modification_date_time, provider, icon, first_release_date_time, last_release_date_time) VALUES (24, 11, 'PostgreSQL', '.', '2016-06-22 19:10:25', '2016-06-22 19:10:25', NULL, NULL, NULL, NULL);
INSERT INTO public.technologies (technology_id, technology_category_id, name, description, creation_date_time, modification_date_time, provider, icon, first_release_date_time, last_release_date_time) VALUES (25, 12, 'MongoDB', '.', '2016-06-22 19:10:25', '2016-06-22 19:10:25', NULL, NULL, NULL, NULL);
INSERT INTO public.technologies (technology_id, technology_category_id, name, description, creation_date_time, modification_date_time, provider, icon, first_release_date_time, last_release_date_time) VALUES (26, 12, 'CassandraDB', '.', '2016-06-22 19:10:25', '2016-06-22 19:10:25', NULL, NULL, NULL, NULL);
INSERT INTO public.technologies (technology_id, technology_category_id, name, description, creation_date_time, modification_date_time, provider, icon, first_release_date_time, last_release_date_time) VALUES (28, 13, 'Windows', '.', '2016-06-22 19:10:25', '2016-06-22 19:10:25', NULL, NULL, NULL, NULL);
INSERT INTO public.technologies (technology_id, technology_category_id, name, description, creation_date_time, modification_date_time, provider, icon, first_release_date_time, last_release_date_time) VALUES (29, 13, 'Linux', '.', '2016-06-22 19:10:25', '2016-06-22 19:10:25', NULL, NULL, NULL, NULL);
INSERT INTO public.technologies (technology_id, technology_category_id, name, description, creation_date_time, modification_date_time, provider, icon, first_release_date_time, last_release_date_time) VALUES (30, 14, 'JVM', '.', '2016-06-22 19:10:25', '2016-06-22 19:10:25', NULL, NULL, NULL, NULL);
INSERT INTO public.technologies (technology_id, technology_category_id, name, description, creation_date_time, modification_date_time, provider, icon, first_release_date_time, last_release_date_time) VALUES (31, 14, '.NET', '.', '2016-06-22 19:10:25', '2016-06-22 19:10:25', NULL, NULL, NULL, NULL);
INSERT INTO public.technologies (technology_id, technology_category_id, name, description, creation_date_time, modification_date_time, provider, icon, first_release_date_time, last_release_date_time) VALUES (32, 14, 'Node.js', '.', '2016-06-22 19:10:25', '2016-06-22 19:10:25', NULL, NULL, NULL, NULL);
INSERT INTO public.technologies (technology_id, technology_category_id, name, description, creation_date_time, modification_date_time, provider, icon, first_release_date_time, last_release_date_time) VALUES (33, 15, 'Arduino', '.', '2016-06-22 19:10:25', '2016-06-22 19:10:25', NULL, NULL, NULL, NULL);
INSERT INTO public.technologies (technology_id, technology_category_id, name, description, creation_date_time, modification_date_time, provider, icon, first_release_date_time, last_release_date_time) VALUES (34, 15, 'Rasberry Pi', '.', '2016-06-22 19:10:25', '2016-06-22 19:10:25', NULL, NULL, NULL, NULL);
INSERT INTO public.technologies (technology_id, technology_category_id, name, description, creation_date_time, modification_date_time, provider, icon, first_release_date_time, last_release_date_time) VALUES (35, 16, 'Netbeans', '.', '2016-06-22 19:10:25', '2016-06-22 19:10:25', NULL, NULL, NULL, NULL);
INSERT INTO public.technologies (technology_id, technology_category_id, name, description, creation_date_time, modification_date_time, provider, icon, first_release_date_time, last_release_date_time) VALUES (36, 16, 'Eclipse', '.', '2016-06-22 19:10:25', '2016-06-22 19:10:25', NULL, NULL, NULL, NULL);
INSERT INTO public.technologies (technology_id, technology_category_id, name, description, creation_date_time, modification_date_time, provider, icon, first_release_date_time, last_release_date_time) VALUES (37, 16, 'Visual Studio Code', '.', '2016-06-22 19:10:25', '2016-06-22 19:10:25', NULL, NULL, NULL, NULL);
INSERT INTO public.technologies (technology_id, technology_category_id, name, description, creation_date_time, modification_date_time, provider, icon, first_release_date_time, last_release_date_time) VALUES (38, 16, 'Visual Studio', '.', '2016-06-22 19:10:25', '2016-06-22 19:10:25', NULL, NULL, NULL, NULL);
INSERT INTO public.technologies (technology_id, technology_category_id, name, description, creation_date_time, modification_date_time, provider, icon, first_release_date_time, last_release_date_time) VALUES (39, 16, 'Itellij', '.', '2016-06-22 19:10:25', '2016-06-22 19:10:25', NULL, NULL, NULL, NULL);
INSERT INTO public.technologies (technology_id, technology_category_id, name, description, creation_date_time, modification_date_time, provider, icon, first_release_date_time, last_release_date_time) VALUES (40, 17, 'Git', '.', '2016-06-22 19:10:25', '2016-06-22 19:10:25', NULL, NULL, NULL, NULL);
INSERT INTO public.technologies (technology_id, technology_category_id, name, description, creation_date_time, modification_date_time, provider, icon, first_release_date_time, last_release_date_time) VALUES (41, 18, 'Jenkins', '.', '2016-06-22 19:10:25', '2016-06-22 19:10:25', NULL, NULL, NULL, NULL);
INSERT INTO public.technologies (technology_id, technology_category_id, name, description, creation_date_time, modification_date_time, provider, icon, first_release_date_time, last_release_date_time) VALUES (42, 18, 'GitLab CI', '.', '2016-06-22 19:10:25', '2016-06-22 19:10:25', NULL, NULL, NULL, NULL);
INSERT INTO public.technologies (technology_id, technology_category_id, name, description, creation_date_time, modification_date_time, provider, icon, first_release_date_time, last_release_date_time) VALUES (43, 19, 'Docker', '.', '2016-06-22 19:10:25', '2016-06-22 19:10:25', NULL, NULL, NULL, NULL);
INSERT INTO public.technologies (technology_id, technology_category_id, name, description, creation_date_time, modification_date_time, provider, icon, first_release_date_time, last_release_date_time) VALUES (44, 20, 'Docker Compose', '.', '2016-06-22 19:10:25', '2016-06-22 19:10:25', NULL, NULL, NULL, NULL);
INSERT INTO public.technologies (technology_id, technology_category_id, name, description, creation_date_time, modification_date_time, provider, icon, first_release_date_time, last_release_date_time) VALUES (45, 20, 'Kubernetes', '.', '2016-06-22 19:10:25', '2016-06-22 19:10:25', NULL, NULL, NULL, NULL);
INSERT INTO public.technologies (technology_id, technology_category_id, name, description, creation_date_time, modification_date_time, provider, icon, first_release_date_time, last_release_date_time) VALUES (46, 21, 'GitLab', '.', '2016-06-22 19:10:25', '2016-06-22 19:10:25', NULL, NULL, NULL, NULL);
INSERT INTO public.technologies (technology_id, technology_category_id, name, description, creation_date_time, modification_date_time, provider, icon, first_release_date_time, last_release_date_time) VALUES (47, 21, 'GitHub', '.', '2016-06-22 19:10:25', '2016-06-22 19:10:25', NULL, NULL, NULL, NULL);

-----------------------------------------

-- USER INACCESSIBILITY

INSERT INTO public.USER_INACCESSIBILITES (user_inaccessibility_id, user_id, to_date) VALUES (1, 30, '2016-06-22 19:10:25');

-----------------------------------------

-- ASSIGNED ARTICLES

INSERT INTO public.article_verifications (article_verification_id, article_id, status, verification_feedback, assignment_date, author_id) VALUES (1, '634308ab8f35533467caa4f7', 'CREATED', null, '2016-06-22 19:10:25', 27);
INSERT INTO public.article_verifications (article_verification_id, article_id, status, verification_feedback, assignment_date, author_id) VALUES (2, '634c890c3e2b8f0d8e9bf0bf', 'ACCEPTED', 'Dobry artykuł', '2016-06-23 20:22:05', 27);
INSERT INTO public.article_verifications (article_verification_id, article_id, status, verification_feedback, assignment_date, author_id) VALUES (3, '634c89f072680b479e895e73', 'REJECTED', 'Niezbyt czytelne rysunki', '2016-06-24 21:35:35', 27);
INSERT INTO public.article_verifications (article_verification_id, article_id, status, verification_feedback, assignment_date, author_id) VALUES (4, '634d4fe8e3b3865a407e21a9', 'ACCEPTED', null, '2016-07-12 16:10:15', 31);
INSERT INTO public.article_verifications (article_verification_id, article_id, status, verification_feedback, assignment_date, author_id) VALUES (5, '634d5039d0014e43af55039f', 'CREATED', null, '2016-08-03 15:22:05', 31);
INSERT INTO public.article_verifications (article_verification_id, article_id, status, verification_feedback, assignment_date, author_id) VALUES (6, '634d50dc03c5a429785680e8', 'ACCEPTED', 'Dobrze opisane zagadnienie', '2016-09-27 12:42:45', 30);
INSERT INTO public.article_verifications (article_verification_id, article_id, status, verification_feedback, assignment_date, author_id) VALUES (7, '634d514f674a404a848eca3b', 'REJECTED', 'Opisano zbyt przestarzałą wersję technologii', '2017-02-20 18:31:14', 30);
INSERT INTO public.article_verifications (article_verification_id, article_id, status, verification_feedback, assignment_date, author_id) VALUES (8, '634d517880a75e7dec043d86', 'EXPIRED', null, '2018-08-16 23:56:08', 30);

